Time (s),Volts (mV),Power (mW),Remaining %,Battery Current (mA),Batt. Temp (ÂºC)
152,3682,7509,39,7398,37
157,3687,6533,39,7572,41
162,3713,6304,42,7590,36
167,3686,6718,42,7608,37
173,3652,6500,42,7620,39
178,3716,6577,42,7598,37
183,3739,6759,45,7548,38
188,3735,7183,45,7358,38
193,3724,6759,45,7584,41
198,3666,7966,45,7244,40
203,3748,6897,45,7644,38
208,3731,6604,45,7372,40
213,3674,7384,45,7394,41
218,3716,6543,45,7554,42
223,3687,6638,45,7580,41
228,3742,6668,45,7544,40
233,3698,6638,46,7524,40
238,3729,6934,46,7536,44
243,3687,6940,46,7664,43
248,3753,6624,46,7590,44
253,3753,6607,49,7452,40
258,3712,6577,49,7534,42
263,3671,6543,49,7564,43
268,3681,7556,49,7308,42
273,3747,6708,49,7588,42
278,3704,6836,49,7594,45
283,3704,6675,49,7476,44
288,3737,6839,49,7496,40
293,3747,6853,49,7498,44
298,3704,6691,49,7510,47
303,3725,6708,49,7512,48
308,3741,7193,49,7370,43
313,3741,6829,49,7492,43
318,3721,7226,49,7324,34
323,3747,6836,49,7494,45
328,3729,7408,49,7382,45
333,3763,6685,49,7492,42
338,3712,6866,49,7466,45
343,3744,6587,49,7546,44
348,3776,6907,49,7502,46
353,3732,6654,50,7494,45
358,3711,6708,50,7486,46
363,3730,6580,50,7484,46
368,3714,6900,50,7494,44
373,3759,6752,50,7548,44
378,3695,7381,50,7254,46
383,3743,6641,50,7478,45
388,3745,6792,50,7576,42
393,3719,6957,50,7472,45
398,3706,6587,50,7492,45
403,3757,6614,50,7518,45
408,3738,7051,50,7470,46
413,3711,6701,50,7584,49
418,3719,6802,50,7464,49
423,3698,7045,50,7352,46
428,3741,6812,50,7556,46
434,3738,6614,50,7534,47
439,3711,7371,50,7262,49
444,3740,7590,50,7266,45
449,3701,7502,50,7298,50
454,3770,6786,50,7442,49
459,3737,6917,50,7534,50
464,3727,6668,50,7414,46
469,3753,6796,50,7500,47
474,3722,6957,50,7470,47
479,3730,6950,50,7512,46
484,3748,6984,50,7312,49
489,3745,6934,50,7484,46
494,3751,6806,50,7462,48
499,3740,6984,50,7452,49
504,3727,7270,50,7282,47
509,3724,6735,50,7562,47
514,3762,6873,50,7474,53
519,3766,7509,50,7450,51
524,3727,6839,50,7484,47
529,3753,6604,51,7452,47
534,3706,7314,51,7300,48
539,3740,6708,51,7494,48
544,3777,7391,51,7238,46
549,3714,6930,51,7432,50
554,3758,6934,51,7482,50
559,3732,6853,51,7462,48
564,3730,6984,51,7458,48
569,3748,6675,51,7462,50
574,3782,6614,51,7506,50
579,3740,7001,51,7456,50
584,3742,6839,51,7502,48
589,3775,6698,51,7532,48
594,3726,6607,51,7496,50
599,3771,9272,51,6720,49
604,3731,6301,51,7440,49
609,3752,6701,51,7442,52
614,3738,6836,51,7466,48
619,3715,6614,51,7426,47
624,3712,7701,51,7228,52
629,3763,6819,51,7516,47
634,3733,6638,51,7432,47
639,3728,6681,51,7402,48
644,3757,6960,51,7448,49
649,3773,7415,51,7440,48
654,3722,6668,51,7464,49
659,3763,6668,51,7420,50
664,3800,7139,51,7428,48
669,3738,7011,51,7436,48
674,3807,7095,52,7454,48
679,3789,7304,52,7210,48
684,3741,7354,52,7216,48
689,3741,6675,52,7424,52
694,3752,7018,52,7228,51
699,3768,6890,52,7420,48
704,3778,6638,52,7448,50
709,3795,6863,52,7446,49
714,3772,7684,52,7272,47
719,3751,7304,52,7204,47
724,3790,7038,53,7470,50
729,3779,6641,53,7452,47
734,3805,6691,53,7468,48
739,3784,7711,53,7204,48
744,3755,7294,53,7270,48
749,3708,6664,53,7486,49
754,3796,6725,54,7486,49
759,3805,6658,54,7404,48
764,3755,6607,54,7412,49
770,3790,6819,54,7458,48
775,3747,6638,54,7398,50
780,3777,6631,54,7438,50
785,3759,6718,54,7450,52
790,3809,6698,54,7404,48
795,3803,6984,54,7414,48
800,3743,7324,54,7220,51
805,3769,6853,54,7386,50
810,3748,7226,54,7456,53
815,3816,6735,54,7482,50
820,3790,6994,54,7388,50
825,3806,6802,54,7382,49
830,3761,6691,56,7422,50
835,3751,6792,57,7454,51
840,3735,6752,57,7460,50
845,3814,6806,57,7382,50
850,3778,7061,57,7418,49
855,3770,6913,58,7380,52
860,3796,7738,58,7224,53
865,3807,6631,58,7332,52
870,3802,7431,58,7200,50
875,3761,6621,58,7388,51
880,3804,6641,58,7376,50
885,3757,6873,58,7430,50
890,3769,6977,58,7436,50
895,3762,7650,58,7206,48
900,3791,6977,58,7422,53
905,3775,7304,58,7164,53
910,3751,7001,58,7428,49
915,3840,7475,58,7160,52
920,3796,7640,58,7236,49
925,3796,7004,58,7392,50
930,3801,8747,58,6604,52
935,3790,6701,58,7342,53
940,3804,6654,58,7352,52
945,3818,6631,58,7322,50
950,3768,7324,58,7148,49
955,3792,7357,58,7246,48
960,3844,6701,58,7354,52
965,3814,6698,58,7360,48
970,3835,6691,58,7294,48
975,3818,6675,58,7434,48
980,3835,7374,58,7150,47
985,3842,7045,58,7436,48
990,3858,7045,58,7368,47
995,3806,6779,58,7342,52
1000,3827,6641,63,7336,49
1005,3847,6792,63,7400,49
1010,3839,8737,63,6880,48
1015,3832,6779,63,7400,52
1020,3793,6718,63,7368,49
1025,3801,7448,63,7132,49
1030,3839,7021,63,7350,49
1035,3789,6759,63,7498,49
1040,3835,6759,63,7338,49
1045,3845,6631,63,7384,52
1050,3832,6335,63,7428,49
1055,3823,6812,63,7334,50
1060,3854,6624,63,7386,49
1065,3874,7579,63,7136,48
1070,3801,7354,63,7252,48
1075,3876,6913,63,7364,51
1080,3842,6974,63,7352,50
1085,3819,6930,63,7324,47
1090,3867,7751,63,7110,49
1095,3858,6355,63,7314,53
1100,3798,7045,63,7398,48
1105,3867,7374,63,7330,50
1110,3811,6863,63,7400,48
1115,3837,6641,63,7422,48
1120,3814,7011,63,7366,48
1125,3796,6638,63,7314,50
1130,3853,7021,63,7326,49
1135,3814,8040,63,7062,50
1140,3889,6742,63,7314,49
1145,3819,6863,63,7330,50
1150,3811,6641,63,7330,50
1155,3877,7065,63,7320,51
1160,3890,7018,63,7324,47
1165,3856,7018,63,7396,49
1170,3794,6624,63,7314,49
1175,3843,6883,63,7328,48
1180,3793,7065,63,7376,54
1185,3842,7926,63,6944,50
1190,3824,6907,63,7308,54
1195,3842,7011,63,7356,50
1200,3847,7354,63,7312,52
1205,3821,6917,63,7304,52
1210,3785,6654,63,7308,54
1215,3867,7122,63,7348,52
1221,3790,7761,63,6982,51
1226,3835,6415,63,7292,51
1231,3838,6708,63,7312,51
1236,3863,6718,63,7330,54
1241,3809,6735,63,7366,51
1246,3863,7452,63,7180,50
1251,3806,6930,63,7282,54
1256,3816,6658,63,7330,54
1261,3838,6934,63,7284,53
1266,3850,6664,63,7332,54
1271,3845,6664,63,7332,52
1276,3835,6950,63,7272,51
1281,3824,7415,63,7078,54
1286,3863,7004,63,7292,53
1291,3827,6664,63,7286,51
1296,3832,6483,63,7284,55
1301,3821,6725,63,7210,55
1306,3838,6960,63,7304,53
1311,3850,7139,63,7276,52
1316,3845,7098,63,7312,53
1321,3790,6836,63,7274,53
1326,3782,7078,63,7436,55
1331,3867,6708,63,7272,52
1336,3842,7045,63,7368,52
1341,3809,7051,63,7268,54
1346,3803,7065,63,7278,56
1351,3819,6779,63,7326,53
1356,3846,6664,63,7264,52
1361,3813,7071,63,7280,54
1366,3795,6991,63,7282,52
1371,3842,6853,63,7292,53
1376,3877,7354,63,7072,53
1381,3822,7082,63,7256,55
1386,3877,6863,63,7280,53
1391,3835,6974,63,7368,53
1396,3824,6819,63,7276,55
1401,3801,6654,63,7328,53
1406,3818,6917,63,7318,55
1411,3798,7095,63,7218,51
1416,3896,6900,63,7262,50
1421,3817,9013,63,6482,50
1426,3831,7616,63,7002,53
1431,3825,7226,63,7278,51
1436,3894,7051,63,7272,51
1441,3881,6786,63,7074,51
1446,3854,6897,63,7242,51
1451,3878,7038,63,7254,52
1456,3838,7021,63,7242,52
1461,3870,6745,63,7254,52
1466,3898,7021,63,7240,53
1471,3839,7095,63,7256,52
1476,3878,7078,63,7308,51
1481,3868,6917,63,7326,54
1486,3846,6897,63,7268,51
1491,3886,7374,63,7030,50
1496,3831,6745,63,7278,54
1501,3857,6681,64,7236,52
1506,3894,6923,68,7254,52
1511,3894,6685,68,7310,53
1516,3881,6654,68,7270,53
1521,3864,6839,68,7294,50
1526,3836,6759,68,7328,54
1531,3914,6648,68,7240,50
1536,3898,6664,68,7250,51
1541,3880,6654,68,7210,53
1546,3897,7095,68,7238,51
1551,3897,6819,68,7244,50
1556,3903,7502,68,7134,51
1561,3918,6991,68,7234,53
1566,3880,7061,68,7252,51
1571,3888,6691,68,7254,51
1576,3898,6698,68,7284,53
1581,3837,6641,68,7326,55
1586,3921,6786,68,7318,51
1591,3869,7479,68,7016,52
1596,3858,8168,68,6864,51
1601,3900,6752,68,7224,55
1606,3871,6839,68,7270,53
1611,3924,6685,68,7220,52
1616,3877,7071,68,7228,52
1621,3905,6675,68,7264,51
1626,3924,7065,68,7234,50
1631,3888,6819,68,7238,52
1636,3910,7613,68,7018,51
1641,3877,6792,68,7306,53
1646,3901,7088,68,7202,55
1651,3950,6718,68,7258,53
1656,3879,7018,68,7306,52
1661,3908,7364,68,7014,52
1666,3920,6930,68,7300,53
1671,3905,6426,68,7238,52
1676,3858,7051,68,7308,53
1681,3937,6839,68,7278,56
1686,3897,6685,68,7254,52
1691,3864,6708,68,7242,53
1696,3903,6977,68,7240,53
1701,3931,7071,68,7224,53
1706,3941,6759,68,7196,52
1711,3845,6745,68,7216,52
1716,3887,7082,68,7284,53
1721,3905,7139,68,7218,53
1726,3931,7391,68,7042,53
1731,3902,6823,68,7190,53
1736,3871,6775,68,7186,54
1741,3934,6641,68,7296,52
1746,3874,6698,68,7202,52
1751,3871,6806,68,7202,51
1756,3885,7004,68,7262,52
1761,3954,6853,68,7226,52
1766,3873,6846,68,7244,55
1771,3918,6675,68,7186,55
1776,3870,7105,68,7192,55
1781,3870,6786,68,7206,55
1786,3902,6685,68,7310,53
1791,3928,6658,68,7252,53
1796,3870,7176,68,7168,55
1801,3883,6715,68,7200,52
1806,3881,7021,68,7210,54
1811,3930,7038,68,7314,53
1816,3881,6742,68,7188,58
1821,3886,6812,68,7192,55
1826,3922,6631,68,7198,52
1832,3878,7485,68,7174,52
1837,3909,6759,68,7186,54
1842,3905,6866,68,7200,56
1847,3893,6806,68,7192,53
1852,3896,6668,68,7162,56
1857,3902,6483,68,7190,55
1862,3867,7876,68,7018,53
1867,3896,7684,68,7002,54
1872,3880,7633,68,7018,55
1877,3870,6917,68,7198,54
1882,3905,6991,68,7202,52
1887,3886,7364,68,7012,55
1892,3929,6473,68,7226,55
1897,3935,7095,68,7162,53
1902,3874,7667,68,6972,53
1907,3860,6923,68,7218,53
1912,3911,7098,68,7242,59
1917,3900,6917,68,7306,56
1922,3926,7078,68,7156,53
1927,3870,6974,68,7166,57
1932,3841,7364,68,6956,54
1937,3900,7065,68,7266,56
1942,3887,6994,68,7160,55
1947,3924,6819,68,7166,56
1952,3897,7331,68,6966,55
1957,3931,7236,68,7170,56
1962,3934,7781,68,6994,54
1967,3900,6732,68,7214,54
1972,3879,6839,68,7144,55
1977,3886,7071,68,7172,55
1982,3942,7701,68,6934,56
1987,3879,6698,68,7152,56
1992,3939,6658,68,7152,53
1997,3926,7021,68,7154,54
2002,3943,7061,68,7154,52
2007,3935,6967,68,7148,56
2012,3923,7347,68,7020,54
2017,3919,7095,68,7136,55
2022,3894,6725,68,7252,56
2027,3905,6890,68,7154,57
2032,3905,6769,68,7162,55
2037,3942,7065,68,7152,55
2042,3902,7485,68,6984,54
2047,3926,7468,68,6960,56
2052,3942,7098,68,7130,56
2057,3902,6957,68,7200,55
2062,3956,6934,68,7180,58
2067,3926,7324,68,7020,53
2072,3945,7045,68,7140,56
2077,3905,7583,68,6984,56
2082,3916,7095,68,7168,55
2087,3968,6873,68,7142,55
2092,3943,6742,68,7160,55
2097,3947,7088,68,7132,53
2102,3914,6806,74,7198,56
2107,3958,7357,74,7114,54
2112,3913,6752,74,7148,55
2117,3951,6735,74,7114,55
2122,3911,6779,74,7150,58
2127,3949,7139,74,7122,53
2132,3969,6802,74,7128,54
2137,3907,7418,74,6926,55
2142,3977,6897,74,7190,55
2147,3885,6698,74,7114,53
2152,3925,8168,74,6820,53
2157,3959,7038,74,7112,54
2162,3920,6759,74,7116,54
2167,3966,7495,74,6946,55
2172,3933,6846,74,7116,57
2177,3970,7233,74,7112,55
2182,3912,8367,74,6680,54
2187,3964,7125,74,7106,53
2192,3964,6792,74,7082,55
2197,3972,6725,74,7102,53
2202,3982,7001,74,7166,55
2207,3945,6745,74,7102,55
2212,3933,7021,74,7110,53
2217,3919,7364,74,6950,54
2222,3980,6701,74,7150,55
2227,3953,7051,74,7156,53
2232,3966,6984,74,7128,54
2237,3927,8165,74,6792,56
2242,3975,7475,74,6998,53
2247,3951,6913,74,7172,55
2252,3927,6812,74,7084,55
2257,3912,6792,74,7090,55
2262,3920,6675,74,6936,63
2267,3943,7098,74,7086,55
2272,3985,6641,74,7144,53
2277,3993,7711,74,6966,53
2282,3967,7354,74,6888,58
2287,3938,6668,74,7080,54
2292,3951,6913,74,7104,55
2297,3954,6759,74,7142,57
2302,3941,6685,74,7126,55
2307,3949,6930,74,7080,55
2312,3961,7431,74,6842,55
2317,4003,7479,74,6876,53
2322,3988,6570,74,7058,56
2327,3962,6883,74,7064,54
2332,3995,6701,74,7134,53
2337,3998,6856,74,7030,56
2342,4012,6880,74,7066,58
2347,3946,6984,74,7146,58
2352,3969,7105,74,7068,55
2357,3902,6957,74,7066,55
2362,3945,7051,74,7060,56
2367,3945,7071,74,7208,55
2372,3958,7374,74,6856,55
2377,3934,7468,74,7136,56
2382,3937,7122,74,7064,57
2387,3977,6883,74,7144,56
2392,3931,6836,74,7056,58
2397,3958,6732,74,7034,56
2402,3937,6856,74,7124,59
2407,3955,7546,74,6862,56
2412,3943,7038,74,7034,57
2417,4000,8367,74,6528,54
2422,3958,7011,74,6958,59
2427,3987,6685,74,7080,56
2432,3979,7448,74,7038,56
2437,3945,6786,74,7028,57
2442,3948,6806,74,7044,56
2447,3976,6718,74,7116,59
2452,3995,7734,74,6840,56
2457,4000,6883,74,7102,57
2462,3998,6698,74,7102,56
2467,3943,7065,74,7084,57
2472,3952,7018,74,7036,58
2477,3957,6691,74,7116,55
2482,4010,6701,74,7028,55
2487,3997,6883,77,7032,56
2492,4004,6685,77,7022,57
2497,3984,6917,77,7028,56
2502,4013,6372,77,7080,56
2507,3967,6775,77,7006,56
2512,3962,7018,77,7062,56
2517,3973,7028,77,7010,56
2522,3949,6779,77,7006,56
2527,3980,6863,77,7068,56
2532,3954,7771,77,6876,57
2537,3949,8040,77,6814,57
2542,4010,6732,77,7050,57
2547,4005,6836,77,7012,58
2552,3925,6685,77,7002,56
2557,3928,6685,77,7010,59
2562,3957,6698,77,7086,57
2567,3981,6836,77,7080,61
2572,3992,7051,77,7040,58
2577,4010,6685,77,6998,60
2582,4013,6839,77,6978,55
2587,3973,6786,77,7010,55
2592,3955,7993,77,6908,60
2597,3963,6752,77,6992,55
2602,3990,7250,77,7062,56
2607,3984,7078,77,7004,56
2612,3989,6735,77,6996,55
2617,4005,6732,77,6990,57
2622,4019,7078,77,7000,55
2627,4007,6735,77,7034,60
2632,3963,6691,77,6994,56
2637,3995,6819,77,6990,57
2642,3989,6779,77,6814,57
2648,4008,6775,77,7034,59
2653,3992,7095,77,6980,61
2658,4015,6715,80,7068,59
2663,3986,7391,80,6810,57
2668,4023,7139,80,6970,58
2673,4035,6698,80,6990,57
2678,4026,6681,80,6984,53
2683,3970,6510,80,6994,56
2688,4010,7105,80,6978,59
2693,4015,7011,80,7006,58
2698,4018,6839,80,7034,56
2703,3982,6685,80,7004,58
2708,3988,7125,80,7042,57
2713,3979,6934,80,6980,58
2718,3998,6819,80,6984,58
2723,3985,6587,80,7054,56
2728,3979,6792,80,7006,56
2733,3969,6819,80,6966,57
2738,4000,6675,80,6966,56
2743,4029,7078,80,6972,59
2748,4011,6883,80,7000,59
2753,3963,6698,80,6976,56
2758,3985,6641,80,6990,55
2763,4008,6853,80,6994,56
2768,4017,6691,80,7006,56
2773,4038,7038,80,7050,58
2778,4001,7082,80,6966,55
2783,4005,7078,80,6954,56
2788,4046,6745,80,6958,55
2793,4019,6759,80,6974,59
2798,3974,6685,80,6990,55
2803,4013,6685,80,6934,56
2808,4011,6913,80,6940,56
2813,4045,6863,80,6980,60
2818,4019,6796,80,6964,58
2823,4061,6890,80,6988,55
2828,4032,8804,80,6524,58
2833,4015,6792,80,7010,62
2838,3986,7011,80,7014,57
2843,4039,7098,80,6998,57
2848,4005,6708,80,7012,59
2853,4018,6708,80,6942,56
2858,3981,7674,80,6782,57
2863,4058,6944,80,6930,59
2868,3995,7122,80,7090,56
2873,3989,6668,80,7002,56
2878,3989,6823,80,6982,56
2883,4013,6917,80,7000,57
2888,4003,6691,80,6928,56
2893,4047,6913,80,6926,58
2898,4035,7357,80,6780,62
2903,3990,6934,80,6952,57
2908,4048,6675,80,6932,60
2913,3963,6675,80,6994,55
2918,4084,6715,80,7020,53
2923,4045,6718,80,6940,58
2928,4019,6691,81,6968,58
2933,4061,7569,81,6924,57
2938,4023,7095,85,6976,57
2943,3999,6913,85,6922,57
2948,4065,6829,85,6978,56
2953,4057,6792,85,6934,56
2958,3992,7105,85,6918,55
2963,3970,7105,85,6978,57
2968,4065,7590,85,6734,55
2973,4031,6510,85,6982,56
2978,4013,7088,85,6974,60
2983,4081,6836,85,6924,60
2988,4062,6944,85,6924,56
2993,4065,7112,85,7050,56
2998,4052,6685,85,6932,56
3003,4078,7051,85,6920,60
3008,4026,6718,85,6916,61
3013,4052,7071,85,6920,56
3018,4005,6718,85,6916,56
3023,4100,7122,85,6972,57
3028,4039,6708,85,6912,57
3033,4044,6960,85,6910,58
3038,4036,6691,85,6916,58
3043,4021,7711,85,6728,57
3048,4026,6745,85,6986,58
3053,4070,7098,85,6974,55
3058,4025,6769,85,6890,56
3063,3992,7468,85,6810,58
3068,4057,6907,85,6702,61
3073,4044,6752,85,6956,56
3078,4025,7882,85,6644,57
3083,3988,6685,85,6892,61
3088,4014,7078,85,6908,60
3093,4051,7038,85,6900,56
3098,4057,6967,85,6928,60
3103,4064,6786,85,6950,58
3108,4033,7209,85,6886,56
3113,4065,6900,85,6892,58
3118,4017,7045,85,6902,60
3123,4067,7045,85,6900,57
3128,4022,6752,85,6900,61
3133,4057,7381,85,6690,57
3138,4060,7065,85,6880,57
3143,4076,6819,85,6904,58
3148,4036,6745,85,6892,58
3153,4035,7051,85,6904,58
3158,4070,6752,85,6942,59
3163,4062,6745,85,6874,58
3168,4028,7001,85,6966,63
3173,4022,6856,85,6880,59
3178,4042,7105,85,6924,59
3183,4028,6792,85,6924,58
3188,4018,6977,85,6886,57
3193,4073,6698,85,6930,57
3198,4026,6991,85,6890,61
3203,4074,6577,85,6890,56
3208,4029,7088,85,6882,56
3213,4103,6762,85,6950,58
3218,4084,6752,85,6870,61
3223,4063,7112,85,6872,56
3228,4074,6836,85,6922,58
3233,4093,6698,85,6870,59
3238,4050,7294,85,6816,60
3243,4077,6796,85,6860,58
3248,4060,7522,85,6732,58
3253,4024,6897,85,6862,58
3258,4093,6930,85,6876,60
3263,4069,6779,85,6900,57
3268,4085,6675,85,6944,57
3273,4047,6839,85,6860,60
3278,4071,6786,85,6832,58
3283,4116,7018,85,6842,56
3288,4066,7095,85,6858,56
3293,4084,7398,85,6676,58
3298,4069,6759,85,6900,59
3303,4053,7479,85,6662,58
3308,4098,6913,85,6854,59
3313,4078,6752,85,6842,56
3318,4116,7098,85,6846,56
3323,4073,7304,85,6726,57
3328,4057,6960,85,6882,58
3333,4082,6934,85,6862,56
3338,4090,6994,85,6866,56
3343,4082,6732,85,6862,58
3348,4108,6957,85,6850,58
3353,4110,6752,85,6670,55
3358,4068,6829,85,6844,59
3363,4065,6836,85,6852,58
3368,4121,6685,86,6842,60
3373,4057,6681,86,6904,58
3378,4086,7045,86,6848,57
3383,4076,7105,86,6832,58
3388,4066,6664,86,6846,57
3393,4086,6812,86,6878,56
3398,4103,6829,86,6884,58
3403,4082,6853,86,6868,55
3408,4089,6725,86,6860,55
3413,4123,10429,86,5936,57
3418,4107,7034,86,6814,56
3423,4117,6836,86,6844,55
3428,4105,7115,86,6816,61
3433,4105,6698,86,6814,56
3438,4096,6883,86,6826,56
3443,4114,7112,86,6812,56
3448,4120,6698,87,6834,58
3453,4142,7112,87,6900,55
3458,4130,7112,87,6822,58
3463,4102,6823,87,6884,56
3468,4097,8047,87,6590,57
3473,4125,7125,87,6718,55
3478,4133,7001,87,6828,56
3483,4088,6685,87,6822,57
3488,4099,6691,87,6804,57
3493,4072,6866,89,6814,57
3498,4073,6873,89,6816,56
3503,4097,6732,89,6968,56
3508,4210,7694,93,6846,56
3513,4123,6913,93,6826,58
3518,4086,7001,93,6838,57
3523,4139,6698,93,6826,56
3528,4118,7034,93,6796,61
3533,4100,6701,93,6816,58
3538,4144,7125,93,6810,55
3543,4089,6456,93,6810,56
3548,4160,7105,93,6798,56
3553,4091,7071,93,6812,56
3558,4100,7095,93,6818,56
3563,4128,7021,93,6830,57
3568,4084,7519,93,6640,59
3573,4169,7061,93,6794,59
3578,4149,7038,93,6790,58
3584,4105,6994,93,6832,55
3589,4132,9601,93,6008,56
3594,4144,6715,94,6822,56
3599,4131,6802,94,6862,58
3604,4142,6812,94,6816,57
3609,4139,7304,94,6786,56
3614,4065,6708,94,6832,58
3619,4124,6806,94,6836,58
3624,4144,6836,94,6780,58
3629,4086,6802,94,6806,56
3634,4118,6701,94,6792,57
3639,4118,7082,94,6786,58
3644,4099,7458,94,6586,56
3649,4139,6974,94,6748,58
3654,4129,6930,94,6780,57
3659,4115,6675,94,6786,58
3664,4140,7004,94,6812,55
3669,4102,7004,94,6952,59
3674,4161,6839,94,6764,57
3679,4123,7391,94,6670,56
3684,4089,6829,94,6768,57
3689,4079,6715,94,6762,58
3694,4115,6873,94,6774,59
3699,4131,6759,94,6820,58
3704,4108,6873,94,6766,57
3709,4136,7098,94,6840,58
3714,4152,6984,94,6770,56
3719,4161,6812,94,6764,56
3724,4171,7781,94,6596,57
3729,4161,6691,94,6768,58
3734,4139,6900,94,6804,57
3739,4115,6960,94,6756,58
3744,4115,7193,94,6752,61
3749,4105,7065,94,6816,60
3754,4174,6957,94,6828,58
3759,4165,7583,94,6796,56
3764,4134,6668,94,6778,57
3769,4150,6853,94,6756,56
3774,4142,7098,94,6750,55
3779,4160,6641,94,6806,55
3784,4218,6675,94,6798,55
3789,4228,6745,95,6752,56
3794,4149,6769,95,6738,58
3799,4207,6675,99,6796,53
3804,4199,6792,99,6760,55
3809,4225,6752,99,6732,55
3814,4150,6725,99,6792,56
3819,4188,7721,99,6464,55
3824,4126,10826,99,5756,55
3829,4221,7579,99,6546,55
3834,4204,7788,99,6546,55
3839,4199,7001,99,6716,55
3844,4228,6691,99,6754,55
3849,4188,6796,99,6710,55
3854,4147,6691,99,6738,56
3859,4173,7098,99,6784,56
3864,4158,6715,99,6766,55
3869,4188,6735,99,6622,58
3874,4196,6900,99,6786,55
3879,4189,7112,99,6794,56
3884,4140,7065,99,6530,58
3889,4204,6715,99,6680,57
3894,4167,6873,99,6714,56
3899,4138,6701,99,6794,59
3904,4166,7172,99,6722,57
3909,4180,7061,99,6746,57
3914,4159,6668,99,6742,57
3919,4153,6890,99,6718,57
3934,4130,6900,91,6562,59
3939,4172,6691,91,6618,57
3944,4185,6718,93,6620,57
3949,4140,7812,93,6446,57
3954,4172,6977,93,6630,59
3959,4187,7122,94,6624,56
3964,4156,6752,94,6650,58
3969,4187,6701,94,6630,58
3974,4164,7125,94,6562,57
3979,4195,7065,94,6624,57
3984,4164,6823,94,6604,59
3989,4174,7088,95,6622,56
3994,4206,6897,95,6570,56
3999,4164,9474,95,5910,57
4004,4141,6718,95,6568,60
4009,4184,7812,95,6446,58
4014,4151,6759,95,6590,56
4019,4122,7051,95,6578,58
4024,4146,7139,95,6504,59
4029,4176,7398,95,6460,59
4034,4176,6715,95,6428,58
4039,4220,7051,95,6396,58
4044,4160,6715,95,6332,59
4049,4106,6631,95,6316,60
4054,4133,7105,95,6296,59
4059,4188,7391,95,6268,58
4064,4135,7761,95,6190,59
4069,4135,6839,95,6188,59
4074,4189,6984,95,6136,59
4079,4172,6950,95,6140,58
4084,4132,6691,95,6070,59
4089,4194,6984,95,6062,58
4094,4151,7442,95,6024,61
4099,4194,7061,95,5972,59
4104,4189,6856,95,6002,58
4109,4159,7122,95,5938,59
4114,4199,7112,95,5918,58
4119,4166,7569,95,5906,58
4124,4184,6698,95,5902,57
4129,4208,6967,95,5884,56
4134,4181,6718,95,5834,59
4139,4181,7122,95,5802,55
4144,4173,6691,95,5800,57
4149,4169,7105,95,5782,55
4154,4197,7495,95,5706,56
4159,4142,6977,95,5706,59
4164,4195,6907,95,5714,59
4169,4229,7640,95,5622,59
4174,4157,7751,95,5634,58
4179,4186,6930,95,5620,57
4184,4219,7674,95,5560,56
4189,4194,6762,95,5520,58
4194,4179,6516,95,5512,57
4199,4206,6742,95,5542,59
4204,4218,6718,97,5488,57
4209,4215,6991,97,5468,59
4214,4184,6483,97,5432,58
4219,4139,6701,97,5426,58
4224,4194,7038,97,5372,58
4229,4219,6779,97,5380,57
4234,4227,9669,97,5278,57
4239,4189,7105,97,5292,58
4244,4172,6698,97,5304,57
4249,4189,7125,97,5286,56
4254,4166,6806,97,5288,57
4259,4206,6752,97,5244,56
4264,4164,7112,97,5230,58
4269,4153,6802,97,5220,58
4274,4219,6762,97,5192,56
4279,4225,6759,97,5184,57
4284,4206,6960,97,5158,57
4289,4193,6715,97,5108,60
4294,4164,7038,97,5078,57
4299,4169,7105,97,5066,59
4304,4201,7122,97,5050,59
4309,4222,7061,97,5030,57
4314,4182,6792,97,5006,58
4319,4174,7189,97,4958,57
4324,4172,6873,97,4964,56
4329,4224,8357,97,4922,51
4334,4193,7105,97,4960,56
4339,4180,7176,97,4916,57
4344,4219,7071,97,4926,58
4349,4176,7098,97,4908,56
4354,4174,6725,97,4890,56
4359,4180,7539,97,4856,57
4364,4155,7751,97,4812,57
4369,4150,6675,97,4814,57
4374,4217,6853,97,4808,55
4379,4148,7761,97,4772,60
4384,4206,6977,97,4752,59
4389,4189,6715,97,4748,59
4394,4180,6732,97,4754,57
4399,4222,6900,97,4714,56
4404,4156,6957,97,4678,58
4409,4206,6742,97,4676,56
4414,4168,6806,97,4646,56
4419,4168,7475,97,4634,57
4424,4171,6796,97,4624,58
4429,4168,7139,97,4628,59
4434,4153,7667,97,4600,56
4439,4176,7018,97,4570,57
4444,4203,6725,97,4532,57
4449,4214,6718,97,4536,56
4454,4242,6900,97,4498,55
4459,4189,7038,97,4500,60
4464,4201,7132,97,4490,56
4469,4131,8219,97,4404,57
4474,4187,6792,97,4452,57
4479,4203,6792,97,4450,55
4484,4187,6762,97,4398,56
4489,4158,6786,97,4392,58
4494,4166,6873,97,4386,56
4499,4151,6806,97,4380,57
4504,4172,6880,97,4368,56
4509,4199,7018,97,4352,57
4514,4209,7721,97,4348,57
4519,4138,7149,97,4326,55
4524,4199,6806,97,4288,57
4529,4207,6732,97,4274,59
4534,4183,6752,97,4296,57
4539,4198,7243,97,4260,56
4544,4230,6503,97,4246,57
4549,4190,7425,97,4232,56
4554,4217,7078,97,4204,56
4559,4161,7139,97,4204,55
4564,4142,6900,97,4168,60
4569,4190,6762,97,4164,57
4575,4224,6802,97,4196,55
4580,4164,6812,97,4130,57
4585,4233,6775,97,4098,56
4590,4211,6913,97,4122,49
4595,4203,7674,97,4112,57
4600,4180,7448,97,4076,58
4605,4164,6742,97,4096,55
4610,4219,7071,97,4058,59
4615,4185,6994,97,4042,56
4620,4206,6725,97,4018,58
4625,4160,7021,97,4010,57
4630,4229,6806,97,4010,56
4635,4198,7425,97,3968,53
4640,4180,7149,97,4004,56
4645,4217,8108,97,3972,59
4650,4163,7125,97,3952,55
4655,4197,7418,97,3954,57
4660,4214,6991,97,3918,56
4665,4155,6786,97,3902,57
4670,4222,6866,97,3888,56
4675,4161,6708,97,3908,56
4680,4190,7125,97,3892,56
4685,4147,6930,97,3880,57
4690,4163,6725,97,3872,57
4695,4176,6897,97,3870,57
4700,4190,6940,97,3828,57
4705,4164,6718,97,3818,56
4710,4177,7065,97,3808,56
4715,4201,6735,97,3804,56
4720,4139,6779,97,3796,57
4725,4147,6930,97,3784,61
4730,4201,7694,97,3800,56
4735,4204,6786,97,3746,60
4740,4163,7078,97,3744,57
4745,4208,6701,97,3720,56
4750,4147,7828,97,3718,59
4755,4147,6994,97,3702,57
4760,4214,6839,97,3722,60
4765,4180,7415,97,3690,57
4770,4134,7468,97,3690,59
4775,4201,6994,97,3664,59
4780,4147,7105,97,3676,57
4785,4158,6715,97,3634,56
4790,4155,6967,97,3616,56
4795,4107,7125,97,3626,61
4800,4158,6900,97,3636,62
4805,4161,6866,97,3618,58
4810,4201,6839,97,3590,56
4815,4187,6685,97,3598,56
4820,4155,8545,97,3570,57
4825,4218,7139,97,3554,57
4830,4202,7485,97,3542,55
4835,4207,6718,97,3554,56
4840,4194,7132,97,3556,56
4845,4224,7098,97,3494,59
4850,4170,6960,97,3516,56
4855,4178,7125,97,3480,56
4860,4184,6691,97,3482,57
4865,4211,6792,97,3442,54
4870,4207,6675,97,3462,58
4875,4208,7569,97,3432,56
4880,4181,7728,97,3430,58
4885,4203,7122,97,3404,56
4890,4166,7095,97,3448,57
4895,4178,7038,97,3402,56
4900,4195,6685,97,3376,55
4905,4136,7105,97,3384,57
4910,4168,6685,97,3370,58
4915,4191,7038,97,3368,55
4920,4215,7038,97,3348,55
4925,4168,7331,97,3316,58
4930,4191,7112,97,3338,56
4935,4194,6745,97,3324,54
4940,4215,6762,97,3286,54
4945,4200,7078,97,3288,58
4950,4171,7650,97,3292,54
4955,4194,7011,97,3274,55
4960,4157,6762,97,3264,55
4965,4195,6725,97,3262,56
4970,4163,6897,97,3244,55
4975,4211,6802,97,3220,55
4980,4199,6701,97,3232,56
4985,4157,6991,97,3228,53
4990,4181,6977,97,3194,56
4995,4195,7142,97,3198,56
5000,4160,7149,97,3170,57
5005,4149,7798,97,3160,56
5010,4203,6698,97,3198,57
5015,4150,6792,97,3170,53
5020,4170,7038,97,3144,58
5025,4126,6940,97,3152,56
5030,4197,7018,97,3126,57
5035,4182,8074,97,3136,54
5040,4186,6701,97,3104,56
5045,4142,7011,97,3078,59
5050,4195,6856,97,3132,55
5055,4168,9292,97,3032,56
5060,4189,6701,97,3074,52
5065,4246,6745,97,3082,54
5070,4196,6708,97,3046,54
5075,4184,6994,97,3036,52
5080,4209,6725,97,3078,54
5085,4204,8192,97,3020,54
5090,4217,6701,97,2998,54
5095,4173,6725,98,3022,54
5100,4234,6930,98,3004,53
5105,4213,6836,98,2990,56
5110,4257,7415,98,2964,53
5115,4180,7815,98,2978,54
5120,4168,6624,98,2954,53
5125,4178,7842,98,2940,54
5130,4238,6701,98,2930,55
5135,4217,6977,98,2948,53
5140,4217,6880,98,2920,53
5145,4186,7082,98,2894,55
5150,4234,7078,98,2906,52
5155,4230,6806,98,2874,55
5160,4212,6718,98,2876,53
5165,4183,7065,98,2862,57
5170,4178,6866,98,2860,52
5175,4202,6991,98,2846,53
5180,4175,7374,98,2826,53
5185,4194,7189,98,2784,55
5190,4246,6873,98,2796,54
5195,4178,6681,98,2822,54
5200,4243,6654,98,2780,54
5205,4193,6708,98,2760,52
5210,4174,6685,98,2770,55
5215,4183,6442,98,2744,55
5220,4206,6812,98,2756,53
5225,4238,6930,98,2782,53
5230,4230,8797,98,2742,54
5235,4230,7448,98,2744,53
5240,4193,7468,98,2746,52
5245,4241,6950,98,2708,51
5250,4230,6725,98,2720,52
5255,4220,6685,98,2700,51
5260,4211,7583,98,2696,57
5265,4203,7061,98,2674,56
5270,4193,7082,98,2682,56
5276,4194,6863,98,2670,53
5281,4236,7337,98,2654,51
5286,4186,7371,98,2628,54
5291,4199,7442,98,2664,54
5296,4185,6944,98,2614,54
5301,4175,6742,98,2618,54
5306,4164,6940,98,2596,53
5311,4159,6745,98,2596,56
5316,4178,6897,98,2582,53
5321,4180,6725,98,2586,55
5326,4183,7095,98,2582,53
5331,4204,7657,98,2538,57
5336,4202,6594,98,2550,53
5341,4167,6950,98,2540,55
5346,4217,6685,98,2520,53
5351,4157,7038,98,2522,55
5356,4210,6846,98,2546,55
5361,4223,6994,98,2514,54
5366,4206,6675,98,2498,53
5371,4215,6493,98,2490,54
5376,4169,7098,98,2474,55
5381,4191,7055,98,2484,52
5386,4165,7095,98,2450,55
5391,4201,7055,98,2408,53
5396,4165,7822,98,2402,55
5401,4173,6560,98,2412,55
5406,4180,7021,98,2428,52
5411,4212,7021,98,2430,53
5416,4198,7374,98,2396,53
5421,4227,6829,98,2376,54
5426,4157,6675,98,2390,52
5431,4206,6664,98,2356,51
5436,4249,7132,98,2364,55
5441,4201,6685,98,2358,53
5446,4209,7061,98,2390,51
5451,4240,6668,98,2332,53
5456,4191,6873,98,2320,51
5461,4193,6675,98,2338,56
5466,4154,8087,98,2322,55
5471,4246,7078,98,2290,50
5476,4183,7078,98,2298,52
5481,4185,6685,98,2288,51
5486,4181,6742,98,2272,51
5491,4194,6917,98,2262,51
5496,4240,6866,98,2268,53
5501,4211,6779,98,2234,53
5506,4236,6691,98,2252,53
5511,4249,6934,98,2244,56
5516,4225,6691,98,2212,51
5521,4193,6863,98,2224,51
5526,4243,6897,98,2238,51
5531,4232,6762,98,2194,55
5536,4143,7805,98,2166,55
5541,4187,7051,98,2174,53
5546,4169,7028,98,2166,51
5551,4169,6762,98,2168,53
5556,4222,8841,98,2096,53
5561,4230,6994,98,2152,53
5566,4205,7095,98,2126,53
5571,4209,6752,98,2116,54
5576,4184,7034,98,2090,52
5581,4235,7263,98,2100,53
5586,4203,7098,98,2120,52
5591,4172,7105,98,2074,55
5596,4222,7707,98,2040,52
5601,4205,6715,98,2074,54
5606,4225,6823,98,2070,52
5611,4195,6994,98,2040,56
5616,4222,6897,98,2036,53
5621,4172,6762,98,2024,52
5626,4174,7788,98,2004,52
5631,4205,7065,98,2008,51
5636,4203,6701,98,1988,52
5641,4217,7815,98,2006,52
5646,4205,6762,98,1986,53
5651,4179,7347,98,1946,54
5656,4135,7606,98,1964,52
5661,4207,6863,98,1944,54
5666,4207,6658,98,1958,52
5671,4212,6668,98,1956,54
5676,4174,6984,98,1940,54
5681,4164,7071,98,1928,54
5686,4203,7011,98,1922,54
5691,4164,6923,98,1916,52
5696,4206,7038,98,1916,53
5701,4190,7384,98,1876,53
5706,4167,6759,98,1874,54
5711,4243,7021,98,1880,52
5716,4182,7095,98,1878,52
5721,4162,7055,98,1854,53
5726,4206,6836,98,1864,53
5731,4174,6900,98,1844,52
5736,4212,9023,98,1838,57
5741,4220,7095,98,1850,52
5746,4224,7536,98,1822,54
5751,4191,6685,98,1836,54
5756,4230,6654,98,1820,53
5761,4201,6691,98,1788,56
5766,4174,6917,98,1784,54
5771,4195,6691,98,1784,53
5776,4198,6732,98,1748,56
5781,4223,6752,98,1754,53
5786,4218,6823,98,1778,53
5791,4165,7088,98,1744,55
5796,4157,6897,98,1758,55
5801,4179,7354,98,1744,55
5806,4205,6991,98,1746,54
5811,4174,6691,98,1716,55
5816,4205,7018,98,1728,53
5821,4202,6658,98,1676,53
5826,4231,7354,98,1706,58
5831,4149,7065,98,1704,54
5836,4203,6664,98,1682,53
5841,4218,6685,98,1708,53
5846,4227,6685,98,1636,53
5851,4231,6930,98,1674,52
5856,4184,7038,98,1630,52
5861,4176,6839,98,1622,54
5867,4165,6691,98,1630,53
5872,4231,6752,98,1656,53
5877,4202,7667,98,1632,52
5882,4216,7078,98,1628,51
5887,4188,6823,98,1590,51
5892,4149,7082,98,1596,53
5897,4165,6984,98,1548,54
5902,4170,6701,98,1570,55
5907,4149,6984,98,1584,52
5912,4201,6675,98,1600,45
5917,4152,6735,98,1558,53
5922,4218,6819,98,1582,52
5927,4226,7098,98,1550,51
5932,4178,7078,98,1520,52
5937,4183,6701,98,1582,54
5942,4189,6917,98,1514,50
5947,4201,6732,98,1524,51
5952,4177,7061,98,1532,55
5957,4210,6930,98,1558,52
5962,4215,6745,98,1500,50
5967,4165,6873,98,1510,52
5972,4149,6658,98,1488,52
5977,4177,6863,98,1498,52
5982,4198,7364,98,1472,52
5987,4191,6812,98,1494,58
5992,4181,6658,98,1458,51
5997,4202,7098,98,1490,52
6002,4161,7738,98,1450,54
6007,4227,6638,98,1440,53
6012,4166,7529,98,1492,53
6017,4175,7001,98,1430,52
6022,4180,6890,98,1416,53
6027,4227,6718,98,1378,52
6032,4204,6880,98,1400,53
6037,4198,6977,98,1368,53
6042,4209,7065,98,1386,55
6047,4185,7061,98,1402,54
6052,4167,8141,98,1342,53
6057,4211,7061,98,1384,51
6062,4209,7512,98,1384,54
6067,4182,6439,98,1354,55
6072,4188,6732,98,1390,53
6077,4204,6863,98,1344,53
6082,4219,6658,98,1334,55
6087,4208,6967,98,1306,56
6092,4199,6984,98,1348,53
6097,4161,6681,98,1276,54
6102,4212,6668,98,1318,56
6107,4167,7613,98,1276,53
6112,4148,6742,98,1318,55
6117,4175,6812,98,1296,52
6122,4217,6960,98,1282,50
6127,4209,6944,98,1286,51
6132,4222,6960,98,1270,51
6137,4222,7045,98,1268,54
6142,4194,6994,98,1248,51
6147,4188,6735,98,1248,52
6152,4246,7751,98,1256,51
6157,4191,6991,98,1232,51
6162,4154,6812,98,1276,51
6167,4196,6631,98,1272,51
6172,4233,6708,98,1258,50
6177,4161,7193,98,1230,54
6182,4212,6839,98,1228,50
6187,4203,7004,98,1208,52
6192,4240,6668,98,1202,50
6197,4228,6883,98,1176,50
6202,4238,6890,98,1206,53
6207,4227,7095,98,1176,52
6212,4228,6792,98,1174,51
6217,4212,6950,98,1180,49
6222,4196,6701,98,1122,50
6227,4194,9073,98,1092,51
6232,4253,6685,98,1126,50
6237,4202,7509,98,1172,51
6242,4197,7125,98,1158,55
6247,4218,6681,98,1122,54
6252,4235,6668,98,1138,52
6257,4227,6675,98,1116,50
6262,4234,6769,98,1110,50
6267,4181,6668,98,1130,51
6272,4202,6543,98,1104,51
6277,4187,6759,98,1076,50
6282,4227,6372,98,1138,50
6287,4195,7512,98,1072,53
6292,4226,7051,98,1088,52
6297,4213,7216,98,1032,48
6302,4195,7051,98,1068,50
6307,4202,7071,98,1028,53
6312,4192,6960,98,1056,55
6317,4192,6823,98,1030,50
6322,4182,6685,98,1036,53
6327,4210,6648,98,1076,50
6332,4189,6806,98,1110,51
6337,4239,6718,98,1028,50
6342,4202,6819,98,1002,51
6347,4229,6698,98,982,52
6353,4237,6664,98,1016,50
6358,4192,6742,98,1036,53
6363,4163,6675,98,1010,51
6368,4212,6853,98,990,51
6373,4184,6668,98,1028,51
6378,4202,6685,98,954,51
6383,4192,6863,98,1016,51
6388,4212,6691,98,972,52
6393,4173,6950,98,990,54
6398,4207,6991,98,980,51
6403,4220,7051,98,1000,52
6408,4215,7061,98,976,51
6413,4194,7677,98,968,52
6418,4175,7761,98,924,52
6423,4183,6806,98,962,50
6428,4205,7051,98,964,50
6433,4194,6648,98,954,51
6438,4168,6967,98,936,49
6443,4184,6708,98,914,51
6448,4189,6762,98,924,55
6453,4194,6664,98,900,51
6458,4205,6648,98,896,50
6463,4226,7822,98,856,51
6468,4151,7795,98,874,51
6473,4162,7364,98,880,51
6478,4167,7149,98,900,52
6483,4157,6900,98,898,53
6488,4149,6759,98,870,55
6493,4192,6735,98,898,51
6498,4173,7519,98,840,53
6503,4200,7021,98,854,51
6508,4194,6752,98,872,51
6513,4226,6759,98,862,51
6518,4162,7028,98,864,52
6523,4191,6675,98,870,51
6528,4154,6735,98,840,51
6533,4191,8087,98,836,55
6538,4189,7065,98,818,51
6543,4188,6668,98,818,52
6548,4178,6759,98,822,52
6553,4191,6819,98,818,52
6558,4196,6658,98,806,52
6563,4204,7051,98,814,53
6568,4157,6742,98,810,51
6573,4205,7051,98,796,51
6578,4135,6944,98,814,52
6583,4197,6775,98,810,51
6588,4192,6752,98,786,52
6593,4154,7001,98,798,56
6598,4181,6934,98,780,52
6603,4220,7717,98,742,51
6608,4156,6648,98,766,50
6613,4165,7065,98,784,54
6618,4172,7579,98,762,53
6623,4157,6752,98,812,54
6628,4196,6742,98,764,52
6633,4233,6796,98,756,52
6638,4164,8686,98,732,54
6643,4188,6718,98,720,53
6648,4156,7781,98,724,50
6653,4164,6701,98,766,53
6658,4220,6759,98,716,51
6663,4172,6668,98,724,55
6668,4170,6664,98,722,52
6673,4188,6725,98,700,52
6678,4216,7011,98,730,55
6683,4218,7384,98,712,52
6688,4157,7065,98,740,52
6693,4154,6685,98,726,51
6698,4215,7606,98,710,50
6703,4188,8192,98,654,50
6708,4125,6570,98,720,51
6713,4201,6853,98,686,48
6718,4184,7061,98,710,47
6723,4184,6681,98,686,52
6728,4169,7071,98,684,53
6733,4216,6708,98,700,50
6738,4171,6897,98,686,51
6743,4213,6708,98,680,55
6748,4150,7071,98,692,51
6753,4187,6658,98,644,52
6758,4177,6974,98,682,50
6763,4168,6681,98,638,52
6768,4192,7761,98,666,50
6773,4153,7132,98,656,52
6778,4211,6648,98,688,51
6783,4165,6967,98,664,53
6788,4173,6900,98,650,51
6793,4200,6708,98,620,51
6798,4145,7788,98,632,51
6803,4213,7065,98,650,52
6808,4201,6759,98,628,51
6813,4189,8246,98,622,51
6818,4174,7105,98,684,51
6823,4158,6718,98,606,50
6828,4163,6934,98,590,51
6833,4206,6934,98,620,51
6838,4248,6607,98,594,52
6843,4179,6823,98,650,53
6848,4182,6658,98,640,51
6853,4222,6839,98,656,51
6858,4168,6944,98,608,51
6863,4232,7018,98,584,52
6868,4172,7475,98,618,54
6873,4197,7936,98,632,53
6878,4201,6863,98,572,50
6883,4172,7751,98,618,50
6889,4195,7401,98,578,50
6894,4190,6883,98,584,50
6899,4229,6725,98,570,51
6904,4166,6957,98,608,51
6909,4180,7088,98,560,50
6914,4172,6654,98,600,51
6919,4164,7078,98,590,54
6924,4193,6913,98,534,50
6929,4176,6668,98,580,50
6934,4242,6819,98,544,52
6939,4189,7095,98,546,51
6944,4213,7018,98,534,50
6949,4159,6897,98,596,53
6954,4209,6654,98,556,50
6959,4235,6708,98,552,50
6964,4225,7337,98,520,51
6969,4182,6759,98,522,54
6974,4169,7051,98,574,49
6979,4177,7018,98,532,51
6984,4176,6950,98,562,50
6989,4200,6675,98,510,50
6994,4214,6880,98,490,48
6999,4190,6664,98,494,52
7004,4184,6846,98,524,48
7009,4187,7105,98,578,49
7014,4174,6769,98,530,51
7019,4209,6664,98,538,50
7024,4164,6654,98,488,50
7029,4184,7347,98,474,49
7034,4188,6648,98,482,53
7039,4213,6654,98,472,50
7044,4248,6664,98,478,50
7049,4205,8892,98,478,49
7054,4214,6796,98,492,48
7059,4197,7707,98,466,53
7064,4171,7468,98,500,52
7069,4192,6802,98,498,52
7074,4140,6658,98,486,51
7079,4153,6664,98,498,54
7084,4168,6543,98,480,53
7089,4213,7082,98,470,51
7094,4200,6658,98,464,51
7099,4185,6934,98,498,52
7104,4156,6520,98,460,51
7109,4176,7331,98,492,51
7114,4173,6839,98,474,51
7119,4193,7721,98,444,54
7124,4147,6866,98,484,52
7129,4161,7391,98,492,51
7134,4209,7065,98,468,48
7139,4161,6752,98,450,51
7144,4193,6715,98,472,52
7149,4217,6742,98,458,51
7154,4192,7418,98,470,50
7159,4174,7354,98,468,51
7164,4211,6510,98,406,51
7169,4213,7011,98,428,48
7174,4184,7061,98,430,51
7179,4213,7071,98,410,49
7184,4152,6819,98,438,51
7189,4166,7384,98,424,53
7194,4202,6863,98,430,51
7199,4229,7021,98,430,49
7204,4227,6923,98,422,51
7209,4210,6715,98,446,51
7214,4200,6664,98,440,51
7219,4227,6668,98,412,50
7224,4214,6769,98,434,47
7229,4189,7071,98,420,48
7234,4177,6977,98,422,51
7239,4187,6923,98,412,52
7244,4202,6735,98,410,51
7249,4192,7563,98,394,50
7254,4176,6944,98,404,50
7259,4181,6725,98,398,48
7264,4202,6930,98,390,49
7269,4231,6631,98,390,50
7274,4235,6957,98,406,49
7279,4205,7038,98,422,50
7284,4184,7596,98,376,52
7289,4210,6685,98,424,50
7294,4161,7374,98,408,50
7299,4231,6752,98,428,49
7304,4174,6675,98,378,48
7309,4179,7371,98,374,48
7315,4229,7112,98,368,48
7320,4171,7065,98,374,53
7325,4218,6796,98,378,52
7330,4232,7065,98,448,50
7335,4214,7061,98,396,49
7340,4224,6890,98,394,49
7345,4200,6732,98,378,48
7350,4155,7034,98,354,52
7355,4181,7065,98,348,49
7360,4234,6796,98,376,52
7365,4182,6658,98,368,49
7370,4234,6648,98,358,50
7375,4208,6664,98,366,49
7380,4234,6856,98,306,50
7385,4224,7011,98,336,49
7390,4224,6917,98,344,51
7395,4181,8131,98,272,50
7400,4260,7051,98,376,49
7405,4203,6563,98,350,48
7410,4208,6967,98,330,48
7415,4210,6654,98,336,46
7420,4177,6735,98,340,50
7425,4218,6745,98,372,50
7430,4186,8054,98,314,48
7435,4220,6715,98,314,50
7440,4233,6863,98,324,49
7445,4196,6698,98,364,49
7450,4205,6907,98,306,48
7455,4234,7021,98,340,48
7460,4207,7822,98,366,50
7465,4162,7011,98,326,50
7470,4189,7475,98,302,54
7475,4218,6742,98,288,50
7480,4159,6792,98,326,49
7485,4225,6654,98,340,50
7490,4146,6839,98,320,51
7495,4220,6698,98,346,47
7500,4238,6654,98,314,48
7505,4215,6762,98,380,49
7510,4196,6779,98,310,48
7515,4177,6775,98,328,50
7520,4196,6698,98,342,50
7525,4167,6691,98,324,51
7530,4188,7304,98,294,51
7535,4211,7579,98,294,48
7540,4245,7125,98,340,48
7545,4175,6786,98,320,54
7550,4198,6664,98,334,50
7555,4187,6664,98,348,49
7560,4229,6863,98,294,53
7565,4209,7045,98,298,48
7570,4204,6691,98,306,48
7575,4203,6779,98,288,50
7580,4242,7082,98,328,47
7585,4229,6752,98,316,48
7590,4209,6718,98,316,51
7595,4185,6718,98,302,49
7600,4185,7034,98,262,52
7605,4235,6675,98,324,50
7610,4214,6732,98,250,51
7615,4232,7357,98,266,47
7620,4187,7061,98,296,49
7625,4232,6897,98,278,46
7630,4179,6675,98,312,50
7635,4209,9470,98,242,49
7640,4211,6913,98,262,49
7645,4175,7347,98,256,49
7650,4222,6735,98,256,48
7655,4244,6668,98,250,47
7660,4214,7065,98,256,46
7665,4226,6863,98,274,52
7670,4165,6675,98,288,50
7675,4165,6967,98,254,49
7680,4234,6829,98,246,49
7685,4222,6638,98,266,50
7690,4225,6923,98,266,50
7695,4167,8141,98,242,49
7700,4214,6950,98,216,49
7705,4189,7502,98,262,48
7710,4212,7468,98,228,48
7715,4201,6792,98,252,50
7720,4217,6812,98,288,48
7725,4214,6913,98,282,51
7730,4172,6607,98,284,50
7735,4220,6631,98,260,50
7740,4162,6631,98,276,50
7746,4152,6732,98,260,50
7751,4180,7051,98,274,53
7756,4201,6866,98,238,50
7761,4222,6846,98,264,49
7766,4225,7754,98,242,48
7771,4193,7021,98,230,50
7776,4187,6819,98,286,50
7781,4196,6701,98,198,48
7786,4172,6742,98,222,48
7791,4185,6917,98,246,52
7796,4222,6917,98,218,48
7801,4225,6725,98,194,46
7806,4190,7082,98,232,48
7811,4190,6681,98,224,51
7816,4175,7082,98,226,49
7821,4229,6685,98,234,50
7826,4229,6708,98,260,51
7831,4185,7051,98,244,52
7836,4182,6897,98,232,52
7841,4187,6725,98,292,47
7846,4222,6934,98,208,50
7851,4229,6701,98,258,47
7856,4179,6664,98,218,50
7861,4185,6654,98,224,47
7866,4203,6718,98,218,47
7871,4175,8986,98,176,49
7876,4146,6863,98,188,51
7881,4163,7304,98,190,48
7886,4180,6614,98,258,50
7891,4206,6853,98,216,49
7896,4249,7065,98,206,48
7901,4193,6836,98,244,50
7906,4233,7337,98,188,50
7911,4214,6957,98,240,49
7916,4187,6664,98,188,48
7921,4182,6812,98,228,49
7926,4180,6641,98,216,50
7931,4191,7061,98,182,48
7936,4161,7055,98,248,53
7941,4214,7630,98,182,52
7946,4217,6957,98,216,48
7951,4169,6631,98,160,50
7956,4206,7061,98,230,51
7961,4174,6890,98,214,46
7966,4211,6974,98,158,50
7971,4172,6812,98,212,49
7976,4190,6934,98,222,49
7981,4172,6866,98,182,48
7986,4236,6977,98,152,48
7991,4217,6638,98,170,48
7996,4215,6812,98,180,50
8001,4215,6984,98,196,49
8006,4226,6668,98,214,51
8011,4160,7391,98,220,51
8016,4236,6718,98,228,48
8021,4212,7122,98,208,50
8026,4199,6718,98,188,48
8031,4202,6759,98,210,48
8036,4191,6759,98,212,48
8041,4204,7051,98,204,50
8046,4239,9430,98,144,48
8051,4239,6742,98,172,51
8056,4220,7354,98,212,48
8061,4194,6654,98,206,50
8066,4233,7061,98,220,48
8071,4199,6668,98,188,49
8076,4199,6853,98,192,52
8081,4181,6658,98,162,50
8086,4200,6977,98,232,51
8091,4204,6792,98,198,54
8096,4204,6934,98,158,48
8101,4216,7071,98,164,48
8106,4199,7324,98,158,47
8111,4218,6792,98,138,51
8116,4226,7495,98,176,51
8121,4235,7721,99,150,50
8126,4184,6796,99,158,48
8131,4216,6701,99,140,47
8136,4230,7034,99,152,52
8141,4200,6668,99,142,48
8146,4230,7001,99,158,48
8151,4240,6641,99,210,47
8156,4177,6930,99,122,48
8161,4221,6897,99,148,46
8166,4211,6846,99,166,49
8171,4229,6675,99,200,50
8177,4237,6759,99,168,47
8182,4192,7065,99,196,48
8187,4200,6917,99,200,47
8192,4266,6691,99,120,48
8197,4227,7051,99,164,45
8202,4187,6668,99,166,48
8207,4240,6786,99,180,48
8212,4184,6520,99,186,51
8217,4222,7711,99,170,48
8222,4198,6752,99,154,48
8227,4214,7078,99,168,46
8232,4213,6994,99,170,48
8237,4208,7082,99,154,48
8242,4183,6718,99,180,48
8247,4210,7156,99,206,48
8252,4228,6960,99,138,48
8257,4226,7001,99,154,49
8262,4184,6917,99,172,50
8267,4208,7122,99,196,48
8272,4229,6664,99,166,48
8277,4192,6934,99,134,48
8282,4183,7633,99,114,50
8287,4199,7337,99,118,52
8292,4242,7556,99,134,48
8297,4187,7596,99,148,48
8302,4192,7650,99,136,48
8307,4199,7199,99,146,48
8312,4216,7398,99,142,48
8317,4215,7606,99,160,47
8322,4218,7842,99,164,48
8327,4220,7596,99,174,50
8332,4218,7502,99,170,48
8337,4224,7684,99,114,48
8342,4199,7347,99,108,48
8347,4234,7357,99,122,49
8352,4163,7374,99,154,48
8357,4196,7522,99,130,49
8362,4233,7253,99,156,48
8367,4203,8158,99,88,48
8372,4191,7415,99,160,51
8377,4188,6648,99,134,48
8382,4212,6957,99,146,48
8387,4191,6977,99,74,50
8392,4194,7216,99,130,47
8397,4175,7657,99,156,47
8402,4204,7479,99,158,48
8407,4227,7381,99,158,50
8412,4186,7616,99,92,48
8417,4196,9167,99,138,49
8422,4233,7633,99,140,46
8427,4219,7401,99,146,48
8432,4190,7590,99,144,49
8437,4201,7415,99,160,46
8442,4167,6890,99,128,48
8447,4191,7418,99,110,50
8452,4219,6923,99,136,48
8457,4220,7701,99,134,52
8462,4211,7768,99,150,47
8467,4228,7529,99,104,48
8472,4205,7324,99,148,48
8477,4203,7987,99,134,48
8482,4219,7778,99,108,46
8487,4227,7125,99,142,48
8492,4205,7082,99,106,52
8497,4253,6715,99,152,48
8502,4218,7189,99,176,45
8507,4174,7071,99,116,47
8512,4190,6654,99,138,50
8517,4240,7038,99,124,45
8522,4205,7038,99,128,47
8527,4240,6654,99,148,52
8532,4201,7337,99,112,49
8537,4222,6648,99,140,47
8542,4216,7384,99,160,47
8548,4193,6812,99,158,50
8553,4221,6923,99,124,51
8558,4229,6890,99,116,47
8563,4197,7071,99,110,47
8568,4193,6786,99,120,49
8573,4252,6675,99,102,49
8578,4243,7435,99,132,50
8583,4232,7324,99,132,52
8588,4243,6732,99,148,49
8593,4209,7061,99,118,48
8598,4211,7051,99,102,52
8603,4214,6681,99,132,46
8608,4217,7061,99,150,48
8613,4243,6897,99,160,48
8618,4214,6668,99,138,48
8623,4240,6621,99,100,46
8628,4190,7061,99,116,48
8633,4193,6907,99,102,49
8638,4209,7071,99,114,46
8643,4186,6718,99,114,48
8648,4201,6769,99,106,48
8653,4232,6547,99,146,49
8658,4243,7381,99,110,48
8663,4196,6698,99,130,49
8668,4201,7768,99,134,48
8673,4222,6658,99,92,47
8678,4173,6846,99,114,49
8683,4227,7051,99,72,48
8688,4225,6641,99,94,48
8693,4194,7425,99,86,48
8698,4214,6641,99,140,50
8703,4228,7045,99,100,49
8708,4178,6786,99,106,52
8713,4142,7320,99,138,50
8718,4182,6836,99,108,48
8723,4161,6658,99,118,49
8728,4247,7045,99,122,47
8733,4171,6806,99,98,49
8738,4216,6984,99,150,49
8743,4195,6732,99,110,50
8748,4190,6792,99,114,52
8753,4202,7707,99,84,52
8758,4168,7304,99,104,50
8763,4215,7038,99,100,49
8768,4219,7061,99,100,53
8773,4195,6607,99,70,47
8778,4171,6745,99,108,48
8783,4226,6779,99,72,49
8788,4206,6873,99,110,49
8793,4208,6779,99,140,48
8798,4218,6866,99,138,48
8803,4195,7310,99,104,50
8808,4224,6940,99,88,47
8813,4165,7458,99,60,50
8818,4234,7529,99,96,48
8823,4221,7839,99,78,48
8828,4222,6638,99,108,51
8833,4177,7391,99,66,48
8838,4177,7381,99,84,49
8843,4211,6500,99,104,47
8848,4225,6752,99,90,48
8853,4219,6668,99,110,50
8858,4171,7105,99,88,49
8863,4187,6853,99,130,50
